,all,person,no person,animal,sports,electronic
aim,0.0,0.0,0.0,0.0,0.0,0.0
cas,0.725241644727756,0.7280699133458083,0.6372189989618414,0.7070189835448658,0.7558649318114413,0.7235629400020315
covsal,0.7796885815968119,0.7820153394367159,0.7072741794365356,0.7820745653992693,0.7782517828911112,0.7819231379932157
gbvs,0.7747577101038544,0.7770093310001364,0.7046817536379388,0.7718999134962891,0.7807143917338191,0.777645618645172
icf,0.7460851297800076,0.7485233481122913,0.6702018041324077,0.7280603054911146,0.7712520293103546,0.747440006585815
ik,0.7125232350707328,0.7153239819851154,0.6253571321231115,0.6959441803457858,0.7307795344448921,0.7156142143978748
sun,0.6801791067879246,0.6827020431156515,0.6016591496494849,0.6383604210289234,0.6709038739514191,0.6822366088905151
