,all,person,no person,animal,sports,electronic
aim,0.0,0.0,0.0,0.0,0.0,0.0
cas,0.684583748133769,0.6863419719431992,0.629863517330073,0.6792900827895352,0.7326085007699401,0.6873386095219142
covsal,0.7454816515029141,0.7471351544277431,0.6940205910873181,0.7489342955495638,0.7434665946032897,0.7477590975833281
gbvs,0.7522482031750662,0.7538696983626965,0.7017833019273899,0.7537971106957719,0.7610358632591984,0.7569110257087305
icf,0.7281719645559868,0.7302131038835435,0.6646467099738604,0.7119439150959903,0.7535601372990017,0.7294758135888292
ik,0.6655885002416749,0.6673178274502529,0.61176760242369,0.6564876155764198,0.6951801567561834,0.6745607731328517
sun,0.6187029815708606,0.6196965838618244,0.5877796449643397,0.5842156411954729,0.6143436942076944,0.6287651288069237
dg,0.7940560893236509,0.7959688693770053,0.7345256897039494,0.7943979253514714,0.8148871591164253,0.7956914141812141
