,all,person,no person,animal,sports,electronic
aim,0.0,0.0,0.0,0.0,0.0,0.0
cas,4.093552711930255,4.056146362145272,5.257729924626137,3.9367918673600713,4.3541566137279695,4.047661300631317
covsal,1.9360298789306043,1.9442014123031957,1.681711748457097,2.1576596716526746,1.6355632877623445,1.9866222236708833
gbvs,4.354259264668797,4.313697351337451,5.616645342838222,4.328720351584862,4.457901032246586,4.358135342920478
icf,3.8184054211436815,3.77531367617144,5.159526055483848,3.4508257877016346,3.596941832669797,3.8216583634776353
ik,3.2937671281976617,3.245408999937542,4.798790507721799,3.3262941156957053,2.7601641795657432,3.267752626148656
sun,3.8609983210971732,3.8252945533432334,4.972187011398319,3.614066677065322,3.95781175165193,3.835837094438388
