,all,person,no person,animal,sports,electronic
aim,4.0876486434141714,4.005013874220134,4.242037700144163,3.838690654345544,3.978666078352752,4.214790845597258
cas,4.257557412699938,4.217664769854406,4.3320900526462784,3.9767439980371337,4.30652413599176,4.294047617603352
covsal,3.3120875939075343,3.1657376521450056,3.58551764861188,3.3455648449113013,3.2838358685533935,3.268093418777567
gbvs,4.521447475140727,4.457889184464393,4.640195365896599,4.321091467598055,4.508560314217869,4.617172716908311
icf,4.117146498162828,4.0363761398999545,4.268052219151383,3.9248925157406567,3.7715330385711656,4.251067829987198
ik,3.7704859631165712,3.688350345781263,3.9231146275323554,3.5464793906890075,3.5698756976840773,3.7908867114438
sun,3.941268893622768,3.8639733327702777,4.085682544750785,3.5826992904763943,3.816953844127838,4.0210144955750735
