,all,person,no person,animal,sports,electronic
aim,0.3960064420733642,0.3661725289321888,0.4517460508767134,0.3363742908250568,0.3240041100434326,0.3985983389470312
cas,0.498340674048906,0.4775460883376146,0.5371918320344599,0.4318675472392511,0.47811892090030106,0.4829909624802288
covsal,0.5108394769965631,0.5000061028660693,0.5310797999202309,0.4895504072140192,0.4796682547615141,0.4954579114124815
gbvs,0.54572043370822,0.5178112208574093,0.5978640663236336,0.4884266786628013,0.5013790244017586,0.5387850200466103
icf,0.5238012745784341,0.5061012696965627,0.5568707329248564,0.4588141928858714,0.4869184276032434,0.5129925214365781
ik,0.4516613214175642,0.4355261971173941,0.4816444463031306,0.3990258932513389,0.4173369353671736,0.4549690985248072
sun,0.424239116717017,0.3954182595826836,0.4780860021203197,0.3487617572388993,0.3494603535562945,0.4269299730223146
