,all,person,no person,animal,sports,electronic
aim,0.6815350894989604,0.7557137977535442,0.5429447490336402,0.6058298389675857,0.8136812808478026,0.692342654989944
cas,0.7925063782962629,0.8836285429613391,0.6222600620416325,0.7236579753817359,1.0550863362006138,0.7484085323157151
covsal,0.8892268055723158,0.9537415004502642,0.7686920357099871,0.9056736973025546,1.008489754494725,0.8725042476973555
gbvs,0.9888061012451218,1.0587400248211296,0.8581464213109452,0.9951423509143624,1.197291908636013,0.9727222109256212
icf,0.8562419714841647,0.937929616698554,0.7036224553392088,0.8155113433741337,1.019223816543318,0.8453594946577039
ik,0.6506119878081863,0.7449139766037849,0.4753751408887057,0.6104021428255888,0.8626192505064811,0.668608338836193
sun,0.5471718848073422,0.603721721370307,0.4415181023820438,0.3772023342645285,0.5850247741117736,0.5982012298057009
