context,0.3,0.5,0.7
all,0.6788601691637776,0.587663093643934,-0.5783206407587547
person,0.9444351532699681,0.8371269904188031,-0.9899769130500831
no person,0.28728306327927855,0.24304502843291995,0.10353073517609586
animal,0.6648626327424065,1.148677421140351,1.1530290602315625
electronic,0.8047369582601027,0.29206720484533777,-1.6395418776676833
sports,0.33752429444838916,0.5427030949278467,-1.1101321343695447
mean context,0.6196513237720729,0.6052856735016834,-0.5142771472342318
