models,all,person,no person,animal,electronic,sports,mean context
aim,0.7027160982457556,0.7157342839848838,0.6816129339949585,0.6822097071114402,0.6920440338950452,0.7304389787548198,0.700792672664484
cas,0.6975982837020563,0.7133224988383895,0.67210850337579,0.668931875515615,0.6803930287884346,0.7291629340431349,0.6935861873772367
covsal,0.7517356352932958,0.7620117817187677,0.7350774610877939,0.7364524609956956,0.7348239967161952,0.7696491073633005,0.7482917405291749
gbvs,0.7528978990268395,0.7644422457638546,0.734183905368941,0.7365359770505145,0.734616711570947,0.7840865190691203,0.7511272096417029
icf,0.704761545913286,0.7165434115836629,0.685662521563412,0.6806183959593878,0.6879449918212936,0.7199014637320291,0.6992387217621786
ik,0.6697940571804757,0.6845875341289926,0.6458130524428797,0.6588676892889362,0.6640843090969278,0.6913093445019513,0.6690759977733606
sun,0.6139764747566843,0.6173841801249363,0.6084524050018337,0.5637578508520054,0.60571563516147,0.6016739453010259,0.6018267485329926
mean model,0.699068570588342,0.7105751337347839,0.6804158261193727,0.6753391366819422,0.6856603867214733,0.7180317561093402,0.6948484683258759
