models,all,person,no person,animal,electronic,sports,mean context
aim,0.5354894082714864,0.5158196023338621,0.5673751989493194,0.47308392321213116,0.5474176548338537,0.4827982515471315,0.5203306731912973
cas,0.5257276522272057,0.5032905181522517,0.5622918707197232,0.4597442636003528,0.5339705614924776,0.4934985914794447,0.5130872429452425
covsal,0.5408665597350681,0.5404919265391533,0.5414738598631826,0.5196707868910012,0.5280120441025379,0.5109335722896591,0.530241458236767
gbvs,0.5836379303561655,0.5538988028432887,0.6318466212717763,0.5326061613911341,0.5941173374574811,0.5274450486035277,0.5705919836538955
icf,0.5472907784284993,0.531808799555192,0.572387881023124,0.48203195340148597,0.5454437164082963,0.5003188671578547,0.5298803326624087
ik,0.490018753668472,0.46897000055712235,0.5241398902910809,0.44156052504791604,0.5089535239921911,0.4451437084399597,0.4797977336661237
sun,0.44157795308926195,0.40982047381135456,0.4930584984450275,0.37509794988054224,0.4585781880220016,0.3501943166695477,0.4213878966529559
mean model,0.5235155765394512,0.5034428748274608,0.5560819743661762,0.4691136519177948,0.530927575186977,0.4729046223124464,0.5093310458583844
