models,all,person,no person,animal,electronic,sports,mean context
aim,3.6211470753302177,3.531901023971249,3.7658196217437045,3.8511808201737434,4.335948194646685,2.762575858700668,3.6447620990943776
cas,4.065310198501076,3.9947183822428234,4.1797432480144545,4.205286521648257,4.6799610491766765,3.898439916742908,4.170576552721033
covsal,2.953291239689044,2.923755481013314,3.0011702590160154,2.827347928299002,3.3251233922305534,2.819410616360537,2.9750164861014112
gbvs,4.409637569947029,4.295766706373886,4.594228233002441,4.612658926036075,4.982618136941739,4.198130581882819,4.515506692363998
icf,3.9690186694913163,3.7619836428676954,4.304633344228554,4.305626633297811,4.641396863557817,3.0720995309724257,4.009126447402603
ik,3.797095569722129,3.6540727541034554,4.028943081356611,3.80864081395132,4.484631451332986,3.3072659565771967,3.846774937840617
sun,3.7364565035103126,3.5755796002953066,3.9972464308272704,4.0190556405997215,4.415944285456531,3.2593108288114334,3.8339322149167625
mean model,3.7931366894558747,3.6768253701239613,3.981683459741294,3.9471138977151328,4.409374767620427,3.3310333271497123,3.856527918634401
