models,all,person,no person,animal,electronic,sports,mean context
aim,0.5498617052969059,0.5390124242429275,0.5674489609001971,0.4770499177680525,0.5691024575269794,0.4964947587872178,0.5331617040870467
cas,0.5384401336266488,0.5242502845561694,0.5614426258040575,0.4637323351694177,0.5532075538301819,0.503982562315514,0.5241759158836649
covsal,0.5552710016242527,0.5636863070477163,0.5416293486220063,0.5245483989051976,0.5517764463621824,0.5248428986508622,0.5436257335353696
gbvs,0.5958684373586867,0.5734282175017543,0.6322452148109771,0.5362244317547312,0.6140217142425791,0.5375788180247113,0.5815611389489067
icf,0.5575461167972107,0.5481767038440414,0.5727344283212957,0.48554421981908175,0.5622602793450382,0.5061984435572671,0.5387433652806557
ik,0.5057177163977372,0.4941443994829835,0.524478672238496,0.44540105883273295,0.5329792199742638,0.45977035037213804,0.49374856954972524
sun,0.4581226683872877,0.43631656569115984,0.4934715085473263,0.37985897645867805,0.4852897648240165,0.36389732456572355,0.43615946807903194
mean model,0.5372611113555327,0.5255735574809647,0.5562072513206223,0.4731941912439845,0.5526624908721773,0.48468073661049055,0.5215965564806286
