context,faces
all,0.948513886754631
person,0.9451074835719075
no person,1.2823413986615468
animal,1.2485694474430402
electronic,0.946717012227812
sports,0.8787067965404253
