context,faces
all,0.9797056919321397
person,0.9682129552833404
no person,0.9983360229207198
animal,0.9940763269085369
electronic,0.9686913795127564
sports,0.9855650675069239
