context,0.3,0.5,0.7
all,1.216411546573183,2.1451421901784826,3.577095463306227
person,2.1206128158879674,3.869813664277005,6.295990392312095
no person,-0.08278672174728738,-0.33704457655734577,-0.31532797034290605
animal,0.17387859341831485,0.11506421967846853,0.6176897651048521
electronic,2.184708407269446,3.9049180730103608,6.096709462576718
sports,0.968291276863434,1.642153918140135,3.1002254822137925
mean context,1.0967212635125456,1.8882300249511292,3.2247351107826177
