context,0.3,0.5,0.7
all,-1.7308868945823774,-0.5204026771239474,0.849287556891982
person,-1.278145843045925,0.7628341864929568,3.061536243152661
no person,-2.3830681941528167,-2.382606327498458,-2.3610765589574
animal,-3.7551102596651433,-3.3919804005275402,-2.917933477610959
electronic,-0.6043910532514793,1.3536820286925755,3.4646294325952254
sports,-2.9969034625004958,-1.9374615954002699,-0.5813644760046555
mean context,-2.0969860308539525,-0.9996221618021619,0.2606759800382095
