context,faces
all,-17.790196611810014
person,-17.857991901438222
no person,-11.146258228245456
animal,-19.22344323025795
electronic,-15.835044275479552
sports,-21.367014042827474
