models,all,person,no person,animal,electronic,sports,mean context
aim,0.7658256689824859,0.8654974482603681,0.6042524688899192,0.6567287173707308,0.7191458263376199,0.9546327922280583,0.7610138203448638
cas,0.7714582563217823,0.8693086680710572,0.6128375888545365,0.6298386903968575,0.7158412514193446,0.9572939006218748,0.7594297259475754
covsal,0.8825851797266969,0.975001879309224,0.7327728456666003,0.8342935478364073,0.7907230280329068,1.0559983436719482,0.8785624707072972
gbvs,0.9791994793036752,1.0597799064136235,0.8485743658833386,0.896216367331539,0.8904993981574751,1.1955711625047194,0.9783067799323951
icf,0.8031459900057267,0.8835725881456897,0.6727702414419968,0.7326518081648666,0.741858688095355,0.858523765395082,0.7820871802081196
ik,0.6894790870437034,0.7871043854451616,0.5312233401613399,0.6011577767837996,0.6674580799832194,0.8727642392897986,0.6915311514511705
sun,0.4966382639838727,0.5633041196210853,0.38856940326670714,0.2823521921461218,0.5120065256892853,0.48002563006502313,0.45381602246201586
mean model,0.7697617036239919,0.8576527136094584,0.6272857505949199,0.6618913000043317,0.7196475425307438,0.9106871191109293,0.7578210215790625
