context,0.3,0.5,0.7
all,-0.5931552436398166,-0.38532997465781144,-0.2416689418143006
person,-0.2729946564658453,0.05238859552881126,0.2676965585500899
no person,-1.1314631300404303,-1.117680287373897,-1.0938922855019275
animal,-1.183258939706419,-1.0937540004830546,-1.0239848009583974
electronic,-0.1416135788882732,0.24195399033529164,0.5440302084449675
sports,-0.9553248671941825,-0.8658683764096613,-0.753257950404962
mean context,-0.712315685559379,-0.5274786019367195,-0.38290820200744385
