context,faces
all,0.3805473384095904
person,0.38112388310753664
no person,0.3240459580108616
animal,0.28147479004705833
electronic,0.4104123294840948
sports,0.3231607446492738
