models,all,person,no person,animal,electronic,sports,mean context
aim,0.703588913894054,0.7170847254958856,0.6817114929816109,0.682660717302767,0.693655821538391,0.7311423545404797,0.7016406709588647
cas,0.6985456377145165,0.7147727151758552,0.672240691092978,0.6692321893397106,0.682526462690783,0.7295821882004018,0.6944833140357075
covsal,0.7530491307782199,0.7638971080019317,0.7354639887524131,0.7370881737421181,0.73712803985554,0.7708297950262154,0.7495760393594063
gbvs,0.7532010808209487,0.7648946029208695,0.7342452660484452,0.7368093984319357,0.7357137532973997,0.7841976683404022,0.7515102949766668
icf,0.7057816704295102,0.7180119636049853,0.6859557214924243,0.6811213195351016,0.6900018995958195,0.7211203879411558,0.7003321604331662
ik,0.6708918882480978,0.6862822753617137,0.645943260716552,0.6593589953445878,0.6665811649227453,0.692061346438449,0.6701864885053577
sun,0.6154788897088996,0.6197864119002754,0.6084961695249852,0.5644378877298445,0.6084790888339289,0.6029980392563018,0.6032794144923725
mean model,0.7000767445134638,0.7121042574945023,0.6805795129442013,0.6758155259180093,0.6877266043906581,0.7188473971062008,0.695858340394506
