models,all,person,no person,animal,electronic,sports,mean context
aim,0.7013923307942133,0.7136203272488207,0.6815701049625339,0.6818633426459796,0.6896646587498965,0.7300109455178456,0.6996869516532148
cas,0.6957686424334354,0.7106212130460234,0.6715644532869959,0.6684913322437096,0.6765382382965676,0.729024816351889,0.6920014492764368
covsal,0.7505475520116833,0.7601448203525817,0.7349898749117008,0.73568176888064,0.7326400935222623,0.7689294272991999,0.7471555894963445
gbvs,0.7520094673209001,0.763009853694502,0.7341772620415877,0.7359724479977171,0.7328713704783852,0.7840898540071508,0.7503550425900404
icf,0.7039545193164664,0.7152149311404803,0.6857007990964862,0.6804525262968666,0.6865591198280395,0.7190372655549936,0.6984865268722221
ik,0.6682509521252223,0.6820888443159294,0.6458190005739709,0.6581549725696161,0.6611111631274798,0.6908170005438807,0.6677069888760165
sun,0.6113473029436387,0.6131497734688478,0.6084254033554052,0.562479541890839,0.6018727026207401,0.5997774294804171,0.5995086922933146
mean model,0.6976101095636513,0.7082642518953123,0.6803209854612401,0.6747279903607668,0.6830367638033387,0.7173838198221967,0.6935573201510843
