models,all,person,no person,animal,electronic,sports,mean context
aim,3.587258910261874,3.487798517086882,3.7484894423560724,3.8523711174492985,4.21858396487938,2.741445817020862,3.605991294842395
cas,4.066108578884364,3.996429157230421,4.179062588723388,4.210123019943996,4.6670535720610555,3.894860684761402,4.1689396002674375
covsal,2.7891494546683204,2.6670262900389825,2.987117532067457,2.8121367425674326,3.027352364563132,2.6698174040168388,2.8254332979870274
gbvs,4.4070471267588704,4.291429773424898,4.594468941637098,4.618030900157213,4.974742279627134,4.180200183206946,4.51098653413536
icf,3.9232434241280254,3.6886183526248804,4.303583013722597,4.307591865572269,4.564234789049086,2.9773671542417075,3.9607730998897606
ik,3.7715806254706434,3.6136625145899814,4.027574194687718,3.8128514418088386,4.471487411194857,3.2383919501167413,3.8225913563114635
sun,3.7371363609734036,3.5764656252563114,3.9975920799253215,4.024574902910926,4.417883122644363,3.259335377786084,3.835497911582735
mean model,3.7545034973065006,3.617347175750337,3.9768411133028074,3.948239998629996,4.3344767862884295,3.2802026530215116,3.818601870716597
