,all,person,no person,animal,sports,electronic
aim,0.5889709954611938,0.5941578702861939,0.4275427483566017,0.5323910121564528,0.6782300315134001,0.6057164054875624
cas,0.6529200564848422,0.6596823072680644,0.44246225149680063,0.6216403713688861,0.8943426207021768,0.6551601333377547
covsal,0.7910755465989971,0.8006974335294408,0.4916188615188622,0.8239295125354867,0.7592605889081759,0.8077213174695147
gbvs,0.9332456543870546,0.940672482051368,0.7021045893242439,0.9344877645059552,1.0038446259640303,0.9528378225874912
icf,0.9157372862848387,0.9273651080636082,0.5538509962313033,0.8477690902629014,1.0369848586300532,0.9217368435711134
ik,0.554114199504675,0.5606100442453085,0.3540686951451657,0.5380787685745061,0.6793468524937849,0.6023986833302146
sun,0.3905764996289515,0.3938909642300923,0.2874222441852826,0.27427132082216577,0.383207693386921,0.4260720227702065
dg,1.3290647729052376,1.3443459107665163,0.8534783394674871,1.3091317666200075,1.4783218844008608,1.3415709845905626
