,all,person,no person,animal,sports,electronic
aim,0.0,0.0,0.0,0.0,0.0,0.0
cas,0.41086450284174014,0.4079119654674613,0.502754696633068,0.3910595907362477,0.4381672690460471,0.4056278743790144
covsal,0.4370976995874138,0.4358923406477711,0.4746114216885389,0.4314934049382058,0.4321245863441167,0.43150387807504104
gbvs,0.4568992169628732,0.4535401743887579,0.5614408480960531,0.4396320157196248,0.4559556810027001,0.4516243189291901
icf,0.4636849351553824,0.4616943324489604,0.5256373663246375,0.4394575981019755,0.4757246060147925,0.4558373350012317
ik,0.38709245633053696,0.3848287732838649,0.45680465464539793,0.3692257836354068,0.3935321871340619,0.38709099065275626
sun,0.3497599861812033,0.34609175433898914,0.4639243445358277,0.3227411619213511,0.3310716147846599,0.34765495927117
dg,0.6276050054030248,0.6271345135362487,0.6422478645220744,0.6108889849528552,0.6376476028245173,0.6237101350557389
